1547748042,2019-01-17 18:00:42,Wonder_Woman,Underworld,13069
1547748262,2019-01-17 18:04:22,Wonder_Woman,Underworld,13073
1547748503,2019-01-17 18:08:23,Wonder_Woman,Underworld,13075
1547748742,2019-01-17 18:12:22,Wonder_Woman,Underworld,13077
1547748998,2019-01-17 18:16:38,Wonder_Woman,Underworld,13077
1547749232,2019-01-17 18:20:32,Wonder_Woman,Underworld,13077
1547749463,2019-01-17 18:24:23,Wonder_Woman,Underworld,13078
1547749702,2019-01-17 18:28:22,Wonder_Woman,Underworld,13078
1547749943,2019-01-17 18:32:23,Wonder_Woman,Underworld,13078
1547750184,2019-01-17 18:36:24,Wonder_Woman,Underworld,13078
1547750431,2019-01-17 18:40:31,Wonder_Woman,Underworld,13078
1547750662,2019-01-17 18:44:22,Wonder_Woman,Underworld,13078
1547750904,2019-01-17 18:48:24,Wonder_Woman,Underworld,13078
1547751143,2019-01-17 18:52:23,Wonder_Woman,Underworld,13078
1547751384,2019-01-17 18:56:24,Wonder_Woman,Underworld,13078
1547751640,2019-01-17 19:00:40,Wonder_Woman,Underworld,13078
1547751862,2019-01-17 19:04:22,Wonder_Woman,Underworld,13078
1547752102,2019-01-17 19:08:23,Wonder_Woman,Underworld,13078
1547752342,2019-01-17 19:12:22,Wonder_Woman,Underworld,13078
1547752599,2019-01-17 19:16:39,Wonder_Woman,Underworld,13078
1547752830,2019-01-17 19:20:30,Wonder_Woman,Underworld,13078
1547753062,2019-01-17 19:24:22,Wonder_Woman,Underworld,13078
1547753302,2019-01-17 19:28:22,Wonder_Woman,Underworld,13078
1547753546,2019-01-17 19:32:26,Wonder_Woman,Underworld,13082
1547753784,2019-01-17 19:36:24,Wonder_Woman,Underworld,13082
1547754030,2019-01-17 19:40:30,Wonder_Woman,Underworld,13082
1547754262,2019-01-17 19:44:22,Wonder_Woman,Underworld,13082
1547754503,2019-01-17 19:48:23,Wonder_Woman,Underworld,13082
1547754742,2019-01-17 19:52:22,Wonder_Woman,Underworld,13085
1547754985,2019-01-17 19:56:25,Wonder_Woman,Underworld,13085
1547755242,2019-01-17 20:00:42,Wonder_Woman,Underworld,13085
1547755462,2019-01-17 20:04:22,Wonder_Woman,Underworld,13089
1547755704,2019-01-17 20:08:24,Wonder_Woman,Underworld,13089
1547755942,2019-01-17 20:12:22,Wonder_Woman,Underworld,13092
1547756199,2019-01-17 20:16:39,Wonder_Woman,Underworld,13094
1547756433,2019-01-17 20:20:33,Wonder_Woman,Underworld,13094
1547756662,2019-01-17 20:24:22,Wonder_Woman,Underworld,13094
1547756903,2019-01-17 20:28:23,Wonder_Woman,Underworld,13094
1547757150,2019-01-17 20:32:30,Wonder_Woman,Underworld,13094
1547757386,2019-01-17 20:36:26,Wonder_Woman,Underworld,13094
1547757632,2019-01-17 20:40:33,Wonder_Woman,Underworld,13095
1547757875,2019-01-17 20:44:35,Wonder_Woman,Underworld,13095
1547758102,2019-01-17 20:48:22,Wonder_Woman,Underworld,13096
1547758343,2019-01-17 20:52:23,Wonder_Woman,Underworld,13098
1547758586,2019-01-17 20:56:26,Wonder_Woman,Underworld,13098
1547758838,2019-01-17 21:00:38,Wonder_Woman,Underworld,13102
1547759062,2019-01-17 21:04:22,Wonder_Woman,Underworld,13103
1547759303,2019-01-17 21:08:23,Wonder_Woman,Underworld,13107
1547759543,2019-01-17 21:12:23,Wonder_Woman,Underworld,13109
1547759799,2019-01-17 21:16:39,Wonder_Woman,Underworld,13109
1547760031,2019-01-17 21:20:31,Wonder_Woman,Underworld,13109
1547760263,2019-01-17 21:24:23,Wonder_Woman,Underworld,13110
1547760502,2019-01-17 21:28:22,Wonder_Woman,Underworld,13110
1547760754,2019-01-17 21:32:34,Wonder_Woman,Underworld,13114
1547760986,2019-01-17 21:36:26,Wonder_Woman,Underworld,13115
1547761231,2019-01-17 21:40:32,Wonder_Woman,Underworld,13115
1547761463,2019-01-17 21:44:23,Wonder_Woman,Underworld,13115
1547761702,2019-01-17 21:48:22,Wonder_Woman,Underworld,13119
1547761943,2019-01-17 21:52:23,Wonder_Woman,Underworld,13119
1547762187,2019-01-17 21:56:27,Wonder_Woman,Underworld,13119
1547762438,2019-01-17 22:00:38,Wonder_Woman,Underworld,13119
1547762662,2019-01-17 22:04:22,Wonder_Woman,Underworld,13119
1547762903,2019-01-17 22:08:23,Wonder_Woman,Underworld,13119
1547763142,2019-01-17 22:12:22,Wonder_Woman,Underworld,13123
1547763394,2019-01-17 22:16:34,Wonder_Woman,Underworld,13123
1547763629,2019-01-17 22:20:29,Wonder_Woman,Underworld,13123
1547763862,2019-01-17 22:24:22,Wonder_Woman,Underworld,13126
1547764101,2019-01-17 22:28:21,Wonder_Woman,Underworld,13130
1547764355,2019-01-17 22:32:35,Wonder_Woman,Underworld,13131
1547764587,2019-01-17 22:36:27,Wonder_Woman,Underworld,13131
1547764828,2019-01-17 22:40:29,Wonder_Woman,Underworld,13131
1547765061,2019-01-17 22:44:21,Wonder_Woman,Underworld,13131
1547765302,2019-01-17 22:48:22,Wonder_Woman,Underworld,13134
1547765540,2019-01-17 22:52:20,Wonder_Woman,Underworld,13134
1547765787,2019-01-17 22:56:27,Wonder_Woman,Underworld,13138
1547766039,2019-01-17 23:00:39,Wonder_Woman,Underworld,13140
