1547712029,2019-01-17 08:00:29,Hoohoo_Heehee,Darkhaven,4948
1547712259,2019-01-17 08:04:19,Hoohoo_Heehee,Darkhaven,4951
1547712498,2019-01-17 08:08:18,Hoohoo_Heehee,Darkhaven,4954
1547712739,2019-01-17 08:12:19,Hoohoo_Heehee,Darkhaven,4954
1547712982,2019-01-17 08:16:22,Hoohoo_Heehee,Darkhaven,4954
1547713223,2019-01-17 08:20:23,Hoohoo_Heehee,Darkhaven,4955
1547713458,2019-01-17 08:24:18,Hoohoo_Heehee,Darkhaven,4957
1547713698,2019-01-17 08:28:18,Hoohoo_Heehee,Darkhaven,4961
1547713939,2019-01-17 08:32:19,Hoohoo_Heehee,Darkhaven,4964
1547714178,2019-01-17 08:36:18,Hoohoo_Heehee,Darkhaven,4964
1547714423,2019-01-17 08:40:23,Hoohoo_Heehee,Darkhaven,4964
1547714658,2019-01-17 08:44:18,Hoohoo_Heehee,Darkhaven,4964
1547714898,2019-01-17 08:48:18,Hoohoo_Heehee,Darkhaven,4965
1547715139,2019-01-17 08:52:19,Hoohoo_Heehee,Darkhaven,4967
1547715379,2019-01-17 08:56:19,Hoohoo_Heehee,Darkhaven,4967
1547715629,2019-01-17 09:00:29,Hoohoo_Heehee,Darkhaven,4967
1547715859,2019-01-17 09:04:19,Hoohoo_Heehee,Darkhaven,4968
1547716099,2019-01-17 09:08:19,Hoohoo_Heehee,Darkhaven,4972
1547716339,2019-01-17 09:12:19,Hoohoo_Heehee,Darkhaven,4974
1547716584,2019-01-17 09:16:24,Hoohoo_Heehee,Darkhaven,4974
