1547654430,2019-01-16 16:00:30,Nite_Hawk,Kaineng,9161
1547654660,2019-01-16 16:04:20,Nite_Hawk,Kaineng,9165
1547654900,2019-01-16 16:08:20,Nite_Hawk,Kaineng,9169
1547655139,2019-01-16 16:12:19,Nite_Hawk,Kaineng,9173
1547655387,2019-01-16 16:16:27,Nite_Hawk,Kaineng,9173
1547655624,2019-01-16 16:20:24,Nite_Hawk,Kaineng,9175
1547655860,2019-01-16 16:24:20,Nite_Hawk,Kaineng,9175
1547656099,2019-01-16 16:28:19,Nite_Hawk,Kaineng,9176
1547656345,2019-01-16 16:32:25,Nite_Hawk,Kaineng,9177
1547656578,2019-01-16 16:36:18,Nite_Hawk,Kaineng,9177
1547656824,2019-01-16 16:40:24,Nite_Hawk,Kaineng,9177
1547657060,2019-01-16 16:44:20,Nite_Hawk,Kaineng,9177
1547657301,2019-01-16 16:48:21,Nite_Hawk,Kaineng,9181
1547657539,2019-01-16 16:52:19,Nite_Hawk,Kaineng,9181
1547657779,2019-01-16 16:56:19,Nite_Hawk,Kaineng,9184
1547658028,2019-01-16 17:00:28,Nite_Hawk,Kaineng,9188
1547658259,2019-01-16 17:04:19,Nite_Hawk,Kaineng,9188
1547658500,2019-01-16 17:08:20,Nite_Hawk,Kaineng,9191
1547658740,2019-01-16 17:12:20,Nite_Hawk,Kaineng,9195
1547658987,2019-01-16 17:16:27,Nite_Hawk,Kaineng,9199
1547659225,2019-01-16 17:20:25,Nite_Hawk,Kaineng,9202
1547659459,2019-01-16 17:24:19,Nite_Hawk,Kaineng,9202
