1547668830,2019-01-16 20:00:30,Beyond_Justice,Underworld,8777
1547669060,2019-01-16 20:04:20,Beyond_Justice,Underworld,8779
1547669300,2019-01-16 20:08:20,Beyond_Justice,Underworld,8779
1547669540,2019-01-16 20:12:20,Beyond_Justice,Underworld,8783
1547669791,2019-01-16 20:16:31,Beyond_Justice,Underworld,8783
1547670026,2019-01-16 20:20:26,Beyond_Justice,Underworld,8785
1547670259,2019-01-16 20:24:19,Beyond_Justice,Underworld,8786
1547670499,2019-01-16 20:28:19,Beyond_Justice,Underworld,8786
1547670746,2019-01-16 20:32:26,Beyond_Justice,Underworld,8787
1547670983,2019-01-16 20:36:23,Beyond_Justice,Underworld,8787
1547671226,2019-01-16 20:40:26,Beyond_Justice,Underworld,8787
1547671459,2019-01-16 20:44:19,Beyond_Justice,Underworld,8788
1547671700,2019-01-16 20:48:20,Beyond_Justice,Underworld,8788
